{"bundle_version":"v0.1","fs1":{"boundary_b":500,"stats":{"delta_mean_post_minus_pre":-102.86551883020294,"delta_median_post_minus_pre":-102.61567304261399,"full":{"max":106.17051723693513,"mean":51.75629283580552,"median":50.86104472047576,"min":0.0140911893119811,"n":1000,"std":51.46926982724147},"post":{"max":0.4887774811789827,"mean":0.2861384999055713,"median":0.2733413702810919,"min":0.0140911893119811,"n":100,"std":0.1099009022091755},"pre":{"max":105.6829541087218,"mean":103.15165733010852,"median":102.88901441289508,"min":101.62835044651256,"n":100,"std":0.9843822133287888}},"w_post":100,"w_pre":100},"indexing":{"window_slices":{"post":"[b, b+w_post)","pre":"[b-w_pre, b)"},"zero_based":true},"manifest_canonical_sha256":"b08fd9bd89f2b135742008c1365d216ccc78f4a3d69bb16bd7d8ffe9f59e0201","missing_values":{"fail_if_window_empty_after_nan_filter":true,"nan_policy":"ignore_nans"},"trace":{"dtype":"float64","endianness":"little","filename":"trace.f64le","length":1000,"sha256":"1fd79f5e9ceff7f1abc1c063b15284bde64c52129686e8fbd208682fdad0dd4c","source_column":"D_audit_value","source_csv":"trace.csv"}}